country_iso2,country_name,region,subregion,state_code,state_name,city_name,latitude,longitude
CI,Ivory Coast,Africa,Western Africa,AB,Abidjan,Abidjan,5.30966,-4.01266
CI,Ivory Coast,Africa,Western Africa,AB,Abidjan,Abobo,5.41613,-4.0159
CI,Ivory Coast,Africa,Western Africa,AB,Abidjan,Anyama,5.49462,-4.05183
CI,Ivory Coast,Africa,Western Africa,AB,Abidjan,Bingerville,5.35581,-3.88537
CI,Ivory Coast,Africa,Western Africa,BS,Bas-Sassandra,Gbôklé,4.95712,-6.09372
CI,Ivory Coast,Africa,Western Africa,BS,Bas-Sassandra,Nawa,5.80112,-6.60313
CI,Ivory Coast,Africa,Western Africa,BS,Bas-Sassandra,San-Pédro,4.76768,-6.65033
CI,Ivory Coast,Africa,Western Africa,BS,Bas-Sassandra,Sassandra,4.95384,-6.08531
CI,Ivory Coast,Africa,Western Africa,BS,Bas-Sassandra,Tabou,4.42295,-7.3528
CI,Ivory Coast,Africa,Western Africa,CM,Comoé,Abengourou,6.72972,-3.49639
CI,Ivory Coast,Africa,Western Africa,CM,Comoé,Aboisso,5.46779,-3.20711
CI,Ivory Coast,Africa,Western Africa,CM,Comoé,Adiaké,5.28634,-3.30403
CI,Ivory Coast,Africa,Western Africa,CM,Comoé,Agnibilékrou,7.13113,-3.20415
CI,Ivory Coast,Africa,Western Africa,CM,Comoé,Ayamé,5.6052,-3.15709
CI,Ivory Coast,Africa,Western Africa,CM,Comoé,Bonoua,5.27247,-3.59625
CI,Ivory Coast,Africa,Western Africa,CM,Comoé,Grand-Bassam,5.2118,-3.73884
CI,Ivory Coast,Africa,Western Africa,CM,Comoé,Indénié-Djuablin,6.74434,-3.494
CI,Ivory Coast,Africa,Western Africa,CM,Comoé,Sud-Comoé,5.49961,-3.2408
CI,Ivory Coast,Africa,Western Africa,DN,Denguélé,Folon,9.81241,-7.51894
CI,Ivory Coast,Africa,Western Africa,DN,Denguélé,Kabadougou,9.60571,-7.43774
CI,Ivory Coast,Africa,Western Africa,DN,Denguélé,Odienné,9.50511,-7.56433
CI,Ivory Coast,Africa,Western Africa,GD,Gôh-Djiboua,Divo,5.83739,-5.35723
CI,Ivory Coast,Africa,Western Africa,GD,Gôh-Djiboua,Gagnoa,6.13193,-5.9506
CI,Ivory Coast,Africa,Western Africa,GD,Gôh-Djiboua,Gôh,6.14459,-5.92644
CI,Ivory Coast,Africa,Western Africa,GD,Gôh-Djiboua,Guibéroua,6.23869,-6.17147
CI,Ivory Coast,Africa,Western Africa,GD,Gôh-Djiboua,Lakota,5.84752,-5.682
CI,Ivory Coast,Africa,Western Africa,GD,Gôh-Djiboua,Lôh-Djiboua,5.82483,-5.47668
CI,Ivory Coast,Africa,Western Africa,GD,Gôh-Djiboua,Oumé,6.38309,-5.41759
CI,Ivory Coast,Africa,Western Africa,LC,Lacs,Arrah,6.67342,-3.96938
CI,Ivory Coast,Africa,Western Africa,LC,Lacs,Bélier,7.02582,-5.06744
CI,Ivory Coast,Africa,Western Africa,LC,Lacs,Bocanda,7.06264,-4.49948
CI,Ivory Coast,Africa,Western Africa,LC,Lacs,Bongouanou,6.65175,-4.20406
CI,Ivory Coast,Africa,Western Africa,LC,Lacs,Daoukro,7.0591,-3.9631
CI,Ivory Coast,Africa,Western Africa,LC,Lacs,Dimbokro,6.64678,-4.70519
CI,Ivory Coast,Africa,Western Africa,LC,Lacs,Iffou,7.11509,-3.95027
CI,Ivory Coast,Africa,Western Africa,LC,Lacs,Moronou,6.6683,-4.13155
CI,Ivory Coast,Africa,Western Africa,LC,Lacs,N'Zi,6.82803,-4.5813
CI,Ivory Coast,Africa,Western Africa,LC,Lacs,Toumodi,6.55799,-5.01769
CI,Ivory Coast,Africa,Western Africa,LC,Lacs,Yamoussoukro,6.82055,-5.27674
CI,Ivory Coast,Africa,Western Africa,LG,Lagunes,Adzopé,6.10694,-3.86194
CI,Ivory Coast,Africa,Western Africa,LG,Lagunes,Affery,6.32035,-3.95235
CI,Ivory Coast,Africa,Western Africa,LG,Lagunes,Agboville,5.92801,-4.21319
CI,Ivory Coast,Africa,Western Africa,LG,Lagunes,Agnéby-Tiassa,5.79488,-4.37187
CI,Ivory Coast,Africa,Western Africa,LG,Lagunes,Akoupé,6.38423,-3.88759
CI,Ivory Coast,Africa,Western Africa,LG,Lagunes,Dabou,5.32556,-4.37685
CI,Ivory Coast,Africa,Western Africa,LG,Lagunes,Grand-Lahou,5.25068,-5.00333
CI,Ivory Coast,Africa,Western Africa,LG,Lagunes,Grands-Ponts,5.30487,-4.39247
CI,Ivory Coast,Africa,Western Africa,LG,Lagunes,Tiassalé,5.89839,-4.82293
CI,Ivory Coast,Africa,Western Africa,MG,Montagnes,Bangolo,7.01232,-7.48639
CI,Ivory Coast,Africa,Western Africa,MG,Montagnes,Biankouma,7.73909,-7.61377
CI,Ivory Coast,Africa,Western Africa,MG,Montagnes,Cavally,6.56343,-7.92526
CI,Ivory Coast,Africa,Western Africa,MG,Montagnes,Danané,7.25957,-8.15498
CI,Ivory Coast,Africa,Western Africa,MG,Montagnes,Duekoué,6.74202,-7.34918
CI,Ivory Coast,Africa,Western Africa,MG,Montagnes,Guémon,7.093,-7.17785
CI,Ivory Coast,Africa,Western Africa,MG,Montagnes,Guiglo,6.54368,-7.4935
CI,Ivory Coast,Africa,Western Africa,MG,Montagnes,Man,7.41251,-7.55383
CI,Ivory Coast,Africa,Western Africa,MG,Montagnes,Tonkpi,7.56785,-7.60941
CI,Ivory Coast,Africa,Western Africa,MG,Montagnes,Toulépleu Gueré,6.57395,-8.42592
CI,Ivory Coast,Africa,Western Africa,SM,Sassandra-Marahoué,Bouaflé,6.99041,-5.7442
CI,Ivory Coast,Africa,Western Africa,SM,Sassandra-Marahoué,Daloa,6.87735,-6.45022
CI,Ivory Coast,Africa,Western Africa,SM,Sassandra-Marahoué,Haut-Sassandra,6.66961,-6.50116
CI,Ivory Coast,Africa,Western Africa,SM,Sassandra-Marahoué,Issia,6.49224,-6.58558
CI,Ivory Coast,Africa,Western Africa,SM,Sassandra-Marahoué,Marahoué,7.03252,-5.80215
CI,Ivory Coast,Africa,Western Africa,SM,Sassandra-Marahoué,Vavoua,7.38194,-6.47778
CI,Ivory Coast,Africa,Western Africa,SM,Sassandra-Marahoué,Zuénoula,7.43027,-6.05054
CI,Ivory Coast,Africa,Western Africa,SV,Savanes,Bagoué,9.75,-6.5
CI,Ivory Coast,Africa,Western Africa,SV,Savanes,Boundiali,9.52434,-6.48973
CI,Ivory Coast,Africa,Western Africa,SV,Savanes,Ferkéssédougou,9.60055,-5.19611
CI,Ivory Coast,Africa,Western Africa,SV,Savanes,Kong,9.15,-4.61667
CI,Ivory Coast,Africa,Western Africa,SV,Savanes,Korhogo,9.45803,-5.62961
CI,Ivory Coast,Africa,Western Africa,SV,Savanes,Ouangolodougou,9.96667,-5.15
CI,Ivory Coast,Africa,Western Africa,SV,Savanes,Poro,9.36667,-5.5
CI,Ivory Coast,Africa,Western Africa,SV,Savanes,Sinématiali,9.58333,-5.38333
CI,Ivory Coast,Africa,Western Africa,SV,Savanes,Tchologo,9.76667,-5.1
CI,Ivory Coast,Africa,Western Africa,SV,Savanes,Tengrela,10.48333,-6.40833
CI,Ivory Coast,Africa,Western Africa,VB,Vallée du Bandama,Béoumi,7.67395,-5.58085
CI,Ivory Coast,Africa,Western Africa,VB,Vallée du Bandama,Botro,7.85249,-5.31063
CI,Ivory Coast,Africa,Western Africa,VB,Vallée du Bandama,Bouaké,7.69385,-5.03031
CI,Ivory Coast,Africa,Western Africa,VB,Vallée du Bandama,Dabakala,8.36321,-4.42863
CI,Ivory Coast,Africa,Western Africa,VB,Vallée du Bandama,Gbêkê,7.70271,-5.28511
CI,Ivory Coast,Africa,Western Africa,VB,Vallée du Bandama,Hambol,8.30368,-5.15396
CI,Ivory Coast,Africa,Western Africa,VB,Vallée du Bandama,Katiola,8.13728,-5.10095
CI,Ivory Coast,Africa,Western Africa,VB,Vallée du Bandama,Sakassou,7.45462,-5.29263
CI,Ivory Coast,Africa,Western Africa,WR,Woroba,Bafing,8.40611,-7.58048
CI,Ivory Coast,Africa,Western Africa,WR,Woroba,Béré,8.18952,-6.17157
CI,Ivory Coast,Africa,Western Africa,WR,Woroba,Mankono,8.05861,-6.18972
CI,Ivory Coast,Africa,Western Africa,WR,Woroba,Séguéla,7.96111,-6.67306
CI,Ivory Coast,Africa,Western Africa,WR,Woroba,Touba,8.28333,-7.68333
CI,Ivory Coast,Africa,Western Africa,WR,Woroba,Worodougou,8.16482,-6.66595
CI,Ivory Coast,Africa,Western Africa,YM,Yamoussoukro,,,
CI,Ivory Coast,Africa,Western Africa,ZZ,Zanzan,Bondoukou,8.0402,-2.80003
CI,Ivory Coast,Africa,Western Africa,ZZ,Zanzan,Bouna,9.26927,-2.9951
CI,Ivory Coast,Africa,Western Africa,ZZ,Zanzan,Bounkani,9.47841,-3.31238
CI,Ivory Coast,Africa,Western Africa,ZZ,Zanzan,Gontougo,7.87132,-3.07068
CI,Ivory Coast,Africa,Western Africa,ZZ,Zanzan,Sinfra,6.62103,-5.91144
CI,Ivory Coast,Africa,Western Africa,ZZ,Zanzan,Tanda,7.80335,-3.16832
